ID,PXD,Raw Data File,Characteristics[Organism],Characteristics[OrganismPart],Characteristics[Age],Characteristics[DevelopmentalStage],Characteristics[Sex],Characteristics[AncestryCategory],Characteristics[CellType],Characteristics[Disease],Characteristics[BiologicalReplicate],Characteristics[Label],Comment[FractionIdentifier],Comment[Instrument],Characteristics[CleavageAgent],Characteristics[Modification],Characteristics[Modification].1,Comment[PrecursorMassTolerance],Comment[FragmentMassTolerance],Characteristics[Disease].1,Characteristics[AlkylationReagent],Characteristics[AnatomicSiteTumor],Characteristics[BMI],Characteristics[Bait],Characteristics[CellLine],Characteristics[CellPart],Characteristics[Compound],Characteristics[ConcentrationOfCompound],Characteristics[Depletion],Characteristics[DiseaseTreatment],Characteristics[GeneticModification],Characteristics[Genotype],Characteristics[GrowthRate],Characteristics[MaterialType],Characteristics[NumberOfBiologicalReplicates],Characteristics[NumberOfSamples],Characteristics[NumberOfTechnicalReplicates],Characteristics[OriginSiteDisease],Characteristics[PooledSample],Characteristics[ReductionReagent],Characteristics[SamplingTime],Characteristics[Specimen],Characteristics[SpikedCompound],Characteristics[Staining],Characteristics[Strain],Characteristics[SyntheticPeptide],Characteristics[Temperature],Characteristics[Time],Characteristics[Treatment],Characteristics[TumorCellularity],Characteristics[TumorGrade],Characteristics[TumorSize],Characteristics[TumorSite],Characteristics[TumorStage],Comment[AcquisitionMethod],Comment[CollisionEnergy],Comment[EnrichmentMethod],Comment[FlowRateChromatogram],Comment[FractionationMethod],Comment[FragmentationMethod],Comment[GradientTime],Comment[IonizationType],Comment[MS2MassAnalyzer],Comment[NumberOfMissedCleavages],Comment[NumberOfFractions],Comment[Separation],Usage
23577,PXD008934,Prosser_1004.raw,Homo sapiens,heart left ventricle,58Y,adult,Male,Not Applicable,heart cell,ischemic cardiomyopathy,1,NT=label free sample,1,NT=Q Exactive;AC=MS:1001911,NT=Trypsin;AC=MS:1001251,NT=Carbamidomethyl;AC=UNIMOD:4;TA=C;MT=Fixed,NT=Oxidation;MT=Variable;TA=M;AC=UNIMOD:35,20 ppm,20 ppm,ischemic cardiomyopathy,Not Applicable,Not Applicable,Not Applicable,Not Applicable,Not Applicable,Not Applicable,Not Applicable,Not Applicable,Not Applicable,Not Applicable,Not Applicable,Not Applicable,Not Applicable,Not Applicable,Not Applicable,Not Applicable,Not Applicable,Not Applicable,Not Applicable,Not Applicable,Not Applicable,Not Applicable,Not Applicable,Not Applicable,Not Applicable,Not Applicable,Not Applicable,Not Applicable,Not Applicable,Not Applicable,Not Applicable,Not Applicable,Not Applicable,Not Applicable,Not Applicable,Not Applicable,Not Applicable,Not Applicable,Not Applicable,Not Applicable,Not Applicable,Not Applicable,Not Applicable,Not Applicable,Not Applicable,Not Applicable,Public
23578,PXD008934,Prosser_1085.raw,Homo sapiens,heart left ventricle,54Y,adult,Female,Not Applicable,heart cell,normal,1,NT=label free sample,1,NT=Q Exactive;AC=MS:1001911,NT=Trypsin;AC=MS:1001251,NT=Carbamidomethyl;AC=UNIMOD:4;TA=C;MT=Fixed,NT=Oxidation;MT=Variable;TA=M;AC=UNIMOD:35,20 ppm,20 ppm,normal,Not Applicable,Not Applicable,Not Applicable,Not Applicable,Not Applicable,Not Applicable,Not Applicable,Not Applicable,Not Applicable,Not Applicable,Not Applicable,Not Applicable,Not Applicable,Not Applicable,Not Applicable,Not Applicable,Not Applicable,Not Applicable,Not Applicable,Not Applicable,Not Applicable,Not Applicable,Not Applicable,Not Applicable,Not Applicable,Not Applicable,Not Applicable,Not Applicable,Not Applicable,Not Applicable,Not Applicable,Not Applicable,Not Applicable,Not Applicable,Not Applicable,Not Applicable,Not Applicable,Not Applicable,Not Applicable,Not Applicable,Not Applicable,Not Applicable,Not Applicable,Not Applicable,Not Applicable,Not Applicable,Private
23579,PXD008934,Prosser_1086.raw,Homo sapiens,heart left ventricle,55Y,adult,Male,Not Applicable,heart cell,ischemic cardiomyopathy,1,NT=label free sample,1,NT=Q Exactive;AC=MS:1001911,NT=Trypsin;AC=MS:1001251,NT=Carbamidomethyl;AC=UNIMOD:4;TA=C;MT=Fixed,NT=Oxidation;MT=Variable;TA=M;AC=UNIMOD:35,20 ppm,20 ppm,ischemic cardiomyopathy,Not Applicable,Not Applicable,Not Applicable,Not Applicable,Not Applicable,Not Applicable,Not Applicable,Not Applicable,Not Applicable,Not Applicable,Not Applicable,Not Applicable,Not Applicable,Not Applicable,Not Applicable,Not Applicable,Not Applicable,Not Applicable,Not Applicable,Not Applicable,Not Applicable,Not Applicable,Not Applicable,Not Applicable,Not Applicable,Not Applicable,Not Applicable,Not Applicable,Not Applicable,Not Applicable,Not Applicable,Not Applicable,Not Applicable,Not Applicable,Not Applicable,Not Applicable,Not Applicable,Not Applicable,Not Applicable,Not Applicable,Not Applicable,Not Applicable,Not Applicable,Not Applicable,Not Applicable,Not Applicable,Public
23580,PXD008934,Prosser_1119.raw,Homo sapiens,heart left ventricle,52Y,adult,Female,Not Applicable,heart cell,cardiac hypertrophy,1,NT=label free sample,1,NT=Q Exactive;AC=MS:1001911,NT=Trypsin;AC=MS:1001251,NT=Carbamidomethyl;AC=UNIMOD:4;TA=C;MT=Fixed,NT=Oxidation;MT=Variable;TA=M;AC=UNIMOD:35,20 ppm,20 ppm,compensated hypertrophy,Not Applicable,Not Applicable,Not Applicable,Not Applicable,Not Applicable,Not Applicable,Not Applicable,Not Applicable,Not Applicable,Not Applicable,Not Applicable,Not Applicable,Not Applicable,Not Applicable,Not Applicable,Not Applicable,Not Applicable,Not Applicable,Not Applicable,Not Applicable,Not Applicable,Not Applicable,Not Applicable,Not Applicable,Not Applicable,Not Applicable,Not Applicable,Not Applicable,Not Applicable,Not Applicable,Not Applicable,Not Applicable,Not Applicable,Not Applicable,Not Applicable,Not Applicable,Not Applicable,Not Applicable,Not Applicable,Not Applicable,Not Applicable,Not Applicable,Not Applicable,Not Applicable,Not Applicable,Not Applicable,Private
23581,PXD008934,Prosser_1136.raw,Homo sapiens,heart left ventricle,60Y,adult,Female,Not Applicable,heart cell,cardiac hypertrophy,1,NT=label free sample,1,NT=Q Exactive;AC=MS:1001911,NT=Trypsin;AC=MS:1001251,NT=Carbamidomethyl;AC=UNIMOD:4;TA=C;MT=Fixed,NT=Oxidation;MT=Variable;TA=M;AC=UNIMOD:35,20 ppm,20 ppm,compensated hypertrophy,Not Applicable,Not Applicable,Not Applicable,Not Applicable,Not Applicable,Not Applicable,Not Applicable,Not Applicable,Not Applicable,Not Applicable,Not Applicable,Not Applicable,Not Applicable,Not Applicable,Not Applicable,Not Applicable,Not Applicable,Not Applicable,Not Applicable,Not Applicable,Not Applicable,Not Applicable,Not Applicable,Not Applicable,Not Applicable,Not Applicable,Not Applicable,Not Applicable,Not Applicable,Not Applicable,Not Applicable,Not Applicable,Not Applicable,Not Applicable,Not Applicable,Not Applicable,Not Applicable,Not Applicable,Not Applicable,Not Applicable,Not Applicable,Not Applicable,Not Applicable,Not Applicable,Not Applicable,Not Applicable,Public
23582,PXD008934,Prosser_1146.raw,Homo sapiens,heart left ventricle,55Y,adult,Female,Not Applicable,heart cell,cardiac hypertrophy,1,NT=label free sample,1,NT=Q Exactive;AC=MS:1001911,NT=Trypsin;AC=MS:1001251,NT=Carbamidomethyl;AC=UNIMOD:4;TA=C;MT=Fixed,NT=Oxidation;MT=Variable;TA=M;AC=UNIMOD:35,20 ppm,20 ppm,compensated hypertrophy,Not Applicable,Not Applicable,Not Applicable,Not Applicable,Not Applicable,Not Applicable,Not Applicable,Not Applicable,Not Applicable,Not Applicable,Not Applicable,Not Applicable,Not Applicable,Not Applicable,Not Applicable,Not Applicable,Not Applicable,Not Applicable,Not Applicable,Not Applicable,Not Applicable,Not Applicable,Not Applicable,Not Applicable,Not Applicable,Not Applicable,Not Applicable,Not Applicable,Not Applicable,Not Applicable,Not Applicable,Not Applicable,Not Applicable,Not Applicable,Not Applicable,Not Applicable,Not Applicable,Not Applicable,Not Applicable,Not Applicable,Not Applicable,Not Applicable,Not Applicable,Not Applicable,Not Applicable,Not Applicable,Private
23583,PXD008934,Prosser_1195.raw,Homo sapiens,heart left ventricle,64Y,adult,Female,Not Applicable,heart cell,ischemic cardiomyopathy,1,NT=label free sample,1,NT=Q Exactive;AC=MS:1001911,NT=Trypsin;AC=MS:1001251,NT=Carbamidomethyl;AC=UNIMOD:4;TA=C;MT=Fixed,NT=Oxidation;MT=Variable;TA=M;AC=UNIMOD:35,20 ppm,20 ppm,ischemic cardiomyopathy,Not Applicable,Not Applicable,Not Applicable,Not Applicable,Not Applicable,Not Applicable,Not Applicable,Not Applicable,Not Applicable,Not Applicable,Not Applicable,Not Applicable,Not Applicable,Not Applicable,Not Applicable,Not Applicable,Not Applicable,Not Applicable,Not Applicable,Not Applicable,Not Applicable,Not Applicable,Not Applicable,Not Applicable,Not Applicable,Not Applicable,Not Applicable,Not Applicable,Not Applicable,Not Applicable,Not Applicable,Not Applicable,Not Applicable,Not Applicable,Not Applicable,Not Applicable,Not Applicable,Not Applicable,Not Applicable,Not Applicable,Not Applicable,Not Applicable,Not Applicable,Not Applicable,Not Applicable,Not Applicable,Public
23584,PXD008934,Prosser_1198.raw,Homo sapiens,heart left ventricle,55Y,adult,Male,Not Applicable,heart cell,ischemic cardiomyopathy,1,NT=label free sample,1,NT=Q Exactive;AC=MS:1001911,NT=Trypsin;AC=MS:1001251,NT=Carbamidomethyl;AC=UNIMOD:4;TA=C;MT=Fixed,NT=Oxidation;MT=Variable;TA=M;AC=UNIMOD:35,20 ppm,20 ppm,ischemic cardiomyopathy,Not Applicable,Not Applicable,Not Applicable,Not Applicable,Not Applicable,Not Applicable,Not Applicable,Not Applicable,Not Applicable,Not Applicable,Not Applicable,Not Applicable,Not Applicable,Not Applicable,Not Applicable,Not Applicable,Not Applicable,Not Applicable,Not Applicable,Not Applicable,Not Applicable,Not Applicable,Not Applicable,Not Applicable,Not Applicable,Not Applicable,Not Applicable,Not Applicable,Not Applicable,Not Applicable,Not Applicable,Not Applicable,Not Applicable,Not Applicable,Not Applicable,Not Applicable,Not Applicable,Not Applicable,Not Applicable,Not Applicable,Not Applicable,Not Applicable,Not Applicable,Not Applicable,Not Applicable,Not Applicable,Private
23585,PXD008934,Prosser_1200.raw,Homo sapiens,heart left ventricle,48Y,adult,Male,Not Applicable,heart cell,normal,1,NT=label free sample,1,NT=Q Exactive;AC=MS:1001911,NT=Trypsin;AC=MS:1001251,NT=Carbamidomethyl;AC=UNIMOD:4;TA=C;MT=Fixed,NT=Oxidation;MT=Variable;TA=M;AC=UNIMOD:35,20 ppm,20 ppm,normal,Not Applicable,Not Applicable,Not Applicable,Not Applicable,Not Applicable,Not Applicable,Not Applicable,Not Applicable,Not Applicable,Not Applicable,Not Applicable,Not Applicable,Not Applicable,Not Applicable,Not Applicable,Not Applicable,Not Applicable,Not Applicable,Not Applicable,Not Applicable,Not Applicable,Not Applicable,Not Applicable,Not Applicable,Not Applicable,Not Applicable,Not Applicable,Not Applicable,Not Applicable,Not Applicable,Not Applicable,Not Applicable,Not Applicable,Not Applicable,Not Applicable,Not Applicable,Not Applicable,Not Applicable,Not Applicable,Not Applicable,Not Applicable,Not Applicable,Not Applicable,Not Applicable,Not Applicable,Not Applicable,Public
23586,PXD008934,Prosser_1205.raw,Homo sapiens,heart left ventricle,44Y,adult,Male,Not Applicable,heart cell,cardiac hypertrophy,1,NT=label free sample,1,NT=Q Exactive;AC=MS:1001911,NT=Trypsin;AC=MS:1001251,NT=Carbamidomethyl;AC=UNIMOD:4;TA=C;MT=Fixed,NT=Oxidation;MT=Variable;TA=M;AC=UNIMOD:35,20 ppm,20 ppm,compensated hypertrophy,Not Applicable,Not Applicable,Not Applicable,Not Applicable,Not Applicable,Not Applicable,Not Applicable,Not Applicable,Not Applicable,Not Applicable,Not Applicable,Not Applicable,Not Applicable,Not Applicable,Not Applicable,Not Applicable,Not Applicable,Not Applicable,Not Applicable,Not Applicable,Not Applicable,Not Applicable,Not Applicable,Not Applicable,Not Applicable,Not Applicable,Not Applicable,Not Applicable,Not Applicable,Not Applicable,Not Applicable,Not Applicable,Not Applicable,Not Applicable,Not Applicable,Not Applicable,Not Applicable,Not Applicable,Not Applicable,Not Applicable,Not Applicable,Not Applicable,Not Applicable,Not Applicable,Not Applicable,Not Applicable,Private
23587,PXD008934,Prosser_1209.raw,Homo sapiens,heart left ventricle,65Y,adult,Female,Not Applicable,heart cell,cardiac hypertrophy,1,NT=label free sample,1,NT=Q Exactive;AC=MS:1001911,NT=Trypsin;AC=MS:1001251,NT=Carbamidomethyl;AC=UNIMOD:4;TA=C;MT=Fixed,NT=Oxidation;MT=Variable;TA=M;AC=UNIMOD:35,20 ppm,20 ppm,hypertrophic cardiomyopathy with reduced reduced ejection fraction,Not Applicable,Not Applicable,Not Applicable,Not Applicable,Not Applicable,Not Applicable,Not Applicable,Not Applicable,Not Applicable,Not Applicable,Not Applicable,Not Applicable,Not Applicable,Not Applicable,Not Applicable,Not Applicable,Not Applicable,Not Applicable,Not Applicable,Not Applicable,Not Applicable,Not Applicable,Not Applicable,Not Applicable,Not Applicable,Not Applicable,Not Applicable,Not Applicable,Not Applicable,Not Applicable,Not Applicable,Not Applicable,Not Applicable,Not Applicable,Not Applicable,Not Applicable,Not Applicable,Not Applicable,Not Applicable,Not Applicable,Not Applicable,Not Applicable,Not Applicable,Not Applicable,Not Applicable,Not Applicable,Public
23588,PXD008934,Prosser_1228.raw,Homo sapiens,heart left ventricle,35Y,adult,Male,Not Applicable,heart cell,cardiac hypertrophy,1,NT=label free sample,1,NT=Q Exactive;AC=MS:1001911,NT=Trypsin;AC=MS:1001251,NT=Carbamidomethyl;AC=UNIMOD:4;TA=C;MT=Fixed,NT=Oxidation;MT=Variable;TA=M;AC=UNIMOD:35,20 ppm,20 ppm,hypertrophic cardiomyopathy with preserved reduced ejection fraction,Not Applicable,Not Applicable,Not Applicable,Not Applicable,Not Applicable,Not Applicable,Not Applicable,Not Applicable,Not Applicable,Not Applicable,Not Applicable,Not Applicable,Not Applicable,Not Applicable,Not Applicable,Not Applicable,Not Applicable,Not Applicable,Not Applicable,Not Applicable,Not Applicable,Not Applicable,Not Applicable,Not Applicable,Not Applicable,Not Applicable,Not Applicable,Not Applicable,Not Applicable,Not Applicable,Not Applicable,Not Applicable,Not Applicable,Not Applicable,Not Applicable,Not Applicable,Not Applicable,Not Applicable,Not Applicable,Not Applicable,Not Applicable,Not Applicable,Not Applicable,Not Applicable,Not Applicable,Not Applicable,Private
23589,PXD008934,Prosser_1273.raw,Homo sapiens,heart left ventricle,40Y,adult,Male,Not Applicable,heart cell,normal,1,NT=label free sample,1,NT=Q Exactive;AC=MS:1001911,NT=Trypsin;AC=MS:1001251,NT=Carbamidomethyl;AC=UNIMOD:4;TA=C;MT=Fixed,NT=Oxidation;MT=Variable;TA=M;AC=UNIMOD:35,20 ppm,20 ppm,normal,Not Applicable,Not Applicable,Not Applicable,Not Applicable,Not Applicable,Not Applicable,Not Applicable,Not Applicable,Not Applicable,Not Applicable,Not Applicable,Not Applicable,Not Applicable,Not Applicable,Not Applicable,Not Applicable,Not Applicable,Not Applicable,Not Applicable,Not Applicable,Not Applicable,Not Applicable,Not Applicable,Not Applicable,Not Applicable,Not Applicable,Not Applicable,Not Applicable,Not Applicable,Not Applicable,Not Applicable,Not Applicable,Not Applicable,Not Applicable,Not Applicable,Not Applicable,Not Applicable,Not Applicable,Not Applicable,Not Applicable,Not Applicable,Not Applicable,Not Applicable,Not Applicable,Not Applicable,Not Applicable,Public
23590,PXD008934,Prosser_1288.raw,Homo sapiens,heart left ventricle,53Y,adult,Female,Not Applicable,heart cell,cardiac hypertrophy,1,NT=label free sample,1,NT=Q Exactive;AC=MS:1001911,NT=Trypsin;AC=MS:1001251,NT=Carbamidomethyl;AC=UNIMOD:4;TA=C;MT=Fixed,NT=Oxidation;MT=Variable;TA=M;AC=UNIMOD:35,20 ppm,20 ppm,hypertrophic cardiomyopathy with reduced reduced ejection fraction,Not Applicable,Not Applicable,Not Applicable,Not Applicable,Not Applicable,Not Applicable,Not Applicable,Not Applicable,Not Applicable,Not Applicable,Not Applicable,Not Applicable,Not Applicable,Not Applicable,Not Applicable,Not Applicable,Not Applicable,Not Applicable,Not Applicable,Not Applicable,Not Applicable,Not Applicable,Not Applicable,Not Applicable,Not Applicable,Not Applicable,Not Applicable,Not Applicable,Not Applicable,Not Applicable,Not Applicable,Not Applicable,Not Applicable,Not Applicable,Not Applicable,Not Applicable,Not Applicable,Not Applicable,Not Applicable,Not Applicable,Not Applicable,Not Applicable,Not Applicable,Not Applicable,Not Applicable,Not Applicable,Private
23591,PXD008934,Prosser_1290.raw,Homo sapiens,heart left ventricle,65Y,adult,Male,Not Applicable,heart cell,dilated cardiomyopathy,1,NT=label free sample,1,NT=Q Exactive;AC=MS:1001911,NT=Trypsin;AC=MS:1001251,NT=Carbamidomethyl;AC=UNIMOD:4;TA=C;MT=Fixed,NT=Oxidation;MT=Variable;TA=M;AC=UNIMOD:35,20 ppm,20 ppm,dilated cardiomyopathy,Not Applicable,Not Applicable,Not Applicable,Not Applicable,Not Applicable,Not Applicable,Not Applicable,Not Applicable,Not Applicable,Not Applicable,Not Applicable,Not Applicable,Not Applicable,Not Applicable,Not Applicable,Not Applicable,Not Applicable,Not Applicable,Not Applicable,Not Applicable,Not Applicable,Not Applicable,Not Applicable,Not Applicable,Not Applicable,Not Applicable,Not Applicable,Not Applicable,Not Applicable,Not Applicable,Not Applicable,Not Applicable,Not Applicable,Not Applicable,Not Applicable,Not Applicable,Not Applicable,Not Applicable,Not Applicable,Not Applicable,Not Applicable,Not Applicable,Not Applicable,Not Applicable,Not Applicable,Not Applicable,Public
23592,PXD008934,Prosser_1304.raw,Homo sapiens,heart left ventricle,63Y,adult,Female,Not Applicable,heart cell,dilated cardiomyopathy,1,NT=label free sample,1,NT=Q Exactive;AC=MS:1001911,NT=Trypsin;AC=MS:1001251,NT=Carbamidomethyl;AC=UNIMOD:4;TA=C;MT=Fixed,NT=Oxidation;MT=Variable;TA=M;AC=UNIMOD:35,20 ppm,20 ppm,dilated cardiomyopathy,Not Applicable,Not Applicable,Not Applicable,Not Applicable,Not Applicable,Not Applicable,Not Applicable,Not Applicable,Not Applicable,Not Applicable,Not Applicable,Not Applicable,Not Applicable,Not Applicable,Not Applicable,Not Applicable,Not Applicable,Not Applicable,Not Applicable,Not Applicable,Not Applicable,Not Applicable,Not Applicable,Not Applicable,Not Applicable,Not Applicable,Not Applicable,Not Applicable,Not Applicable,Not Applicable,Not Applicable,Not Applicable,Not Applicable,Not Applicable,Not Applicable,Not Applicable,Not Applicable,Not Applicable,Not Applicable,Not Applicable,Not Applicable,Not Applicable,Not Applicable,Not Applicable,Not Applicable,Not Applicable,Private
23593,PXD008934,Prosser_1311.raw,Homo sapiens,heart left ventricle,56Y,adult,Female,Not Applicable,heart cell,ischemic cardiomyopathy,1,NT=label free sample,1,NT=Q Exactive;AC=MS:1001911,NT=Trypsin;AC=MS:1001251,NT=Carbamidomethyl;AC=UNIMOD:4;TA=C;MT=Fixed,NT=Oxidation;MT=Variable;TA=M;AC=UNIMOD:35,20 ppm,20 ppm,ischemic cardiomyopathy,Not Applicable,Not Applicable,Not Applicable,Not Applicable,Not Applicable,Not Applicable,Not Applicable,Not Applicable,Not Applicable,Not Applicable,Not Applicable,Not Applicable,Not Applicable,Not Applicable,Not Applicable,Not Applicable,Not Applicable,Not Applicable,Not Applicable,Not Applicable,Not Applicable,Not Applicable,Not Applicable,Not Applicable,Not Applicable,Not Applicable,Not Applicable,Not Applicable,Not Applicable,Not Applicable,Not Applicable,Not Applicable,Not Applicable,Not Applicable,Not Applicable,Not Applicable,Not Applicable,Not Applicable,Not Applicable,Not Applicable,Not Applicable,Not Applicable,Not Applicable,Not Applicable,Not Applicable,Not Applicable,Public
23594,PXD008934,Prosser_1320.raw,Homo sapiens,heart left ventricle,26Y,adult,Male,Not Applicable,heart cell,cardiac hypertrophy,1,NT=label free sample,1,NT=Q Exactive;AC=MS:1001911,NT=Trypsin;AC=MS:1001251,NT=Carbamidomethyl;AC=UNIMOD:4;TA=C;MT=Fixed,NT=Oxidation;MT=Variable;TA=M;AC=UNIMOD:35,20 ppm,20 ppm,hypertrophic cardiomyopathy with reduced reduced ejection fraction,Not Applicable,Not Applicable,Not Applicable,Not Applicable,Not Applicable,Not Applicable,Not Applicable,Not Applicable,Not Applicable,Not Applicable,Not Applicable,Not Applicable,Not Applicable,Not Applicable,Not Applicable,Not Applicable,Not Applicable,Not Applicable,Not Applicable,Not Applicable,Not Applicable,Not Applicable,Not Applicable,Not Applicable,Not Applicable,Not Applicable,Not Applicable,Not Applicable,Not Applicable,Not Applicable,Not Applicable,Not Applicable,Not Applicable,Not Applicable,Not Applicable,Not Applicable,Not Applicable,Not Applicable,Not Applicable,Not Applicable,Not Applicable,Not Applicable,Not Applicable,Not Applicable,Not Applicable,Not Applicable,Private
23595,PXD008934,Prosser_1325.raw,Homo sapiens,heart left ventricle,53Y,adult,Male,Not Applicable,heart cell,normal,1,NT=label free sample,1,NT=Q Exactive;AC=MS:1001911,NT=Trypsin;AC=MS:1001251,NT=Carbamidomethyl;AC=UNIMOD:4;TA=C;MT=Fixed,NT=Oxidation;MT=Variable;TA=M;AC=UNIMOD:35,20 ppm,20 ppm,normal,Not Applicable,Not Applicable,Not Applicable,Not Applicable,Not Applicable,Not Applicable,Not Applicable,Not Applicable,Not Applicable,Not Applicable,Not Applicable,Not Applicable,Not Applicable,Not Applicable,Not Applicable,Not Applicable,Not Applicable,Not Applicable,Not Applicable,Not Applicable,Not Applicable,Not Applicable,Not Applicable,Not Applicable,Not Applicable,Not Applicable,Not Applicable,Not Applicable,Not Applicable,Not Applicable,Not Applicable,Not Applicable,Not Applicable,Not Applicable,Not Applicable,Not Applicable,Not Applicable,Not Applicable,Not Applicable,Not Applicable,Not Applicable,Not Applicable,Not Applicable,Not Applicable,Not Applicable,Not Applicable,Public
23596,PXD008934,Prosser_1339.raw,Homo sapiens,heart left ventricle,36Y,adult,Male,Not Applicable,heart cell,normal,1,NT=label free sample,1,NT=Q Exactive;AC=MS:1001911,NT=Trypsin;AC=MS:1001251,NT=Carbamidomethyl;AC=UNIMOD:4;TA=C;MT=Fixed,NT=Oxidation;MT=Variable;TA=M;AC=UNIMOD:35,20 ppm,20 ppm,normal,Not Applicable,Not Applicable,Not Applicable,Not Applicable,Not Applicable,Not Applicable,Not Applicable,Not Applicable,Not Applicable,Not Applicable,Not Applicable,Not Applicable,Not Applicable,Not Applicable,Not Applicable,Not Applicable,Not Applicable,Not Applicable,Not Applicable,Not Applicable,Not Applicable,Not Applicable,Not Applicable,Not Applicable,Not Applicable,Not Applicable,Not Applicable,Not Applicable,Not Applicable,Not Applicable,Not Applicable,Not Applicable,Not Applicable,Not Applicable,Not Applicable,Not Applicable,Not Applicable,Not Applicable,Not Applicable,Not Applicable,Not Applicable,Not Applicable,Not Applicable,Not Applicable,Not Applicable,Not Applicable,Private
23597,PXD008934,Prosser_1356.raw,Homo sapiens,heart left ventricle,51Y,adult,Female,Not Applicable,heart cell,normal,1,NT=label free sample,1,NT=Q Exactive;AC=MS:1001911,NT=Trypsin;AC=MS:1001251,NT=Carbamidomethyl;AC=UNIMOD:4;TA=C;MT=Fixed,NT=Oxidation;MT=Variable;TA=M;AC=UNIMOD:35,20 ppm,20 ppm,normal,Not Applicable,Not Applicable,Not Applicable,Not Applicable,Not Applicable,Not Applicable,Not Applicable,Not Applicable,Not Applicable,Not Applicable,Not Applicable,Not Applicable,Not Applicable,Not Applicable,Not Applicable,Not Applicable,Not Applicable,Not Applicable,Not Applicable,Not Applicable,Not Applicable,Not Applicable,Not Applicable,Not Applicable,Not Applicable,Not Applicable,Not Applicable,Not Applicable,Not Applicable,Not Applicable,Not Applicable,Not Applicable,Not Applicable,Not Applicable,Not Applicable,Not Applicable,Not Applicable,Not Applicable,Not Applicable,Not Applicable,Not Applicable,Not Applicable,Not Applicable,Not Applicable,Not Applicable,Not Applicable,Public
23598,PXD008934,Prosser_1366.raw,Homo sapiens,heart left ventricle,42Y,adult,Male,Not Applicable,heart cell,compensated hypertrophy,1,NT=label free sample,1,NT=Q Exactive;AC=MS:1001911,NT=Trypsin;AC=MS:1001251,NT=Carbamidomethyl;AC=UNIMOD:4;TA=C;MT=Fixed,NT=Oxidation;MT=Variable;TA=M;AC=UNIMOD:35,20 ppm,20 ppm,compensated hypertrophy,Not Applicable,Not Applicable,Not Applicable,Not Applicable,Not Applicable,Not Applicable,Not Applicable,Not Applicable,Not Applicable,Not Applicable,Not Applicable,Not Applicable,Not Applicable,Not Applicable,Not Applicable,Not Applicable,Not Applicable,Not Applicable,Not Applicable,Not Applicable,Not Applicable,Not Applicable,Not Applicable,Not Applicable,Not Applicable,Not Applicable,Not Applicable,Not Applicable,Not Applicable,Not Applicable,Not Applicable,Not Applicable,Not Applicable,Not Applicable,Not Applicable,Not Applicable,Not Applicable,Not Applicable,Not Applicable,Not Applicable,Not Applicable,Not Applicable,Not Applicable,Not Applicable,Not Applicable,Not Applicable,Private
23599,PXD008934,Prosser_1375.raw,Homo sapiens,heart left ventricle,41Y,adult,Male,Not Applicable,heart cell,compensated hypertrophy,1,NT=label free sample,1,NT=Q Exactive;AC=MS:1001911,NT=Trypsin;AC=MS:1001251,NT=Carbamidomethyl;AC=UNIMOD:4;TA=C;MT=Fixed,NT=Oxidation;MT=Variable;TA=M;AC=UNIMOD:35,20 ppm,20 ppm,compensated hypertrophy,Not Applicable,Not Applicable,Not Applicable,Not Applicable,Not Applicable,Not Applicable,Not Applicable,Not Applicable,Not Applicable,Not Applicable,Not Applicable,Not Applicable,Not Applicable,Not Applicable,Not Applicable,Not Applicable,Not Applicable,Not Applicable,Not Applicable,Not Applicable,Not Applicable,Not Applicable,Not Applicable,Not Applicable,Not Applicable,Not Applicable,Not Applicable,Not Applicable,Not Applicable,Not Applicable,Not Applicable,Not Applicable,Not Applicable,Not Applicable,Not Applicable,Not Applicable,Not Applicable,Not Applicable,Not Applicable,Not Applicable,Not Applicable,Not Applicable,Not Applicable,Not Applicable,Not Applicable,Not Applicable,Public
23600,PXD008934,Prosser_1379.raw,Homo sapiens,heart left ventricle,42Y,adult,Male,Not Applicable,heart cell,cardiac hypertrophy,1,NT=label free sample,1,NT=Q Exactive;AC=MS:1001911,NT=Trypsin;AC=MS:1001251,NT=Carbamidomethyl;AC=UNIMOD:4;TA=C;MT=Fixed,NT=Oxidation;MT=Variable;TA=M;AC=UNIMOD:35,20 ppm,20 ppm,hypertrophic cardiomyopathy with preserved reduced ejection fraction,Not Applicable,Not Applicable,Not Applicable,Not Applicable,Not Applicable,Not Applicable,Not Applicable,Not Applicable,Not Applicable,Not Applicable,Not Applicable,Not Applicable,Not Applicable,Not Applicable,Not Applicable,Not Applicable,Not Applicable,Not Applicable,Not Applicable,Not Applicable,Not Applicable,Not Applicable,Not Applicable,Not Applicable,Not Applicable,Not Applicable,Not Applicable,Not Applicable,Not Applicable,Not Applicable,Not Applicable,Not Applicable,Not Applicable,Not Applicable,Not Applicable,Not Applicable,Not Applicable,Not Applicable,Not Applicable,Not Applicable,Not Applicable,Not Applicable,Not Applicable,Not Applicable,Not Applicable,Not Applicable,Private
23601,PXD008934,Prosser_1383.raw,Homo sapiens,heart left ventricle,59Y,adult,Male,Not Applicable,heart cell,normal,1,NT=label free sample,1,NT=Q Exactive;AC=MS:1001911,NT=Trypsin;AC=MS:1001251,NT=Carbamidomethyl;AC=UNIMOD:4;TA=C;MT=Fixed,NT=Oxidation;MT=Variable;TA=M;AC=UNIMOD:35,20 ppm,20 ppm,normal,Not Applicable,Not Applicable,Not Applicable,Not Applicable,Not Applicable,Not Applicable,Not Applicable,Not Applicable,Not Applicable,Not Applicable,Not Applicable,Not Applicable,Not Applicable,Not Applicable,Not Applicable,Not Applicable,Not Applicable,Not Applicable,Not Applicable,Not Applicable,Not Applicable,Not Applicable,Not Applicable,Not Applicable,Not Applicable,Not Applicable,Not Applicable,Not Applicable,Not Applicable,Not Applicable,Not Applicable,Not Applicable,Not Applicable,Not Applicable,Not Applicable,Not Applicable,Not Applicable,Not Applicable,Not Applicable,Not Applicable,Not Applicable,Not Applicable,Not Applicable,Not Applicable,Not Applicable,Not Applicable,Public
23602,PXD008934,Prosser_1425.raw,Homo sapiens,heart left ventricle,40Y,adult,Male,Not Applicable,heart cell,cardiac hypertrophy,1,NT=label free sample,1,NT=Q Exactive;AC=MS:1001911,NT=Trypsin;AC=MS:1001251,NT=Carbamidomethyl;AC=UNIMOD:4;TA=C;MT=Fixed,NT=Oxidation;MT=Variable;TA=M;AC=UNIMOD:35,20 ppm,20 ppm,hypertrophic cardiomyopathy with reduced reduced ejection fraction,Not Applicable,Not Applicable,Not Applicable,Not Applicable,Not Applicable,Not Applicable,Not Applicable,Not Applicable,Not Applicable,Not Applicable,Not Applicable,Not Applicable,Not Applicable,Not Applicable,Not Applicable,Not Applicable,Not Applicable,Not Applicable,Not Applicable,Not Applicable,Not Applicable,Not Applicable,Not Applicable,Not Applicable,Not Applicable,Not Applicable,Not Applicable,Not Applicable,Not Applicable,Not Applicable,Not Applicable,Not Applicable,Not Applicable,Not Applicable,Not Applicable,Not Applicable,Not Applicable,Not Applicable,Not Applicable,Not Applicable,Not Applicable,Not Applicable,Not Applicable,Not Applicable,Not Applicable,Not Applicable,Private
23603,PXD008934,Prosser_1427.raw,Homo sapiens,heart left ventricle,62Y,adult,Male,Not Applicable,heart cell,ischemic cardiomyopathy,1,NT=label free sample,1,NT=Q Exactive;AC=MS:1001911,NT=Trypsin;AC=MS:1001251,NT=Carbamidomethyl;AC=UNIMOD:4;TA=C;MT=Fixed,NT=Oxidation;MT=Variable;TA=M;AC=UNIMOD:35,20 ppm,20 ppm,ischemic cardiomyopathy,Not Applicable,Not Applicable,Not Applicable,Not Applicable,Not Applicable,Not Applicable,Not Applicable,Not Applicable,Not Applicable,Not Applicable,Not Applicable,Not Applicable,Not Applicable,Not Applicable,Not Applicable,Not Applicable,Not Applicable,Not Applicable,Not Applicable,Not Applicable,Not Applicable,Not Applicable,Not Applicable,Not Applicable,Not Applicable,Not Applicable,Not Applicable,Not Applicable,Not Applicable,Not Applicable,Not Applicable,Not Applicable,Not Applicable,Not Applicable,Not Applicable,Not Applicable,Not Applicable,Not Applicable,Not Applicable,Not Applicable,Not Applicable,Not Applicable,Not Applicable,Not Applicable,Not Applicable,Not Applicable,Public
23604,PXD008934,Prosser_1462.raw,Homo sapiens,heart left ventricle,51Y,adult,Male,Not Applicable,heart cell,cardiac hypertrophy,1,NT=label free sample,1,NT=Q Exactive;AC=MS:1001911,NT=Trypsin;AC=MS:1001251,NT=Carbamidomethyl;AC=UNIMOD:4;TA=C;MT=Fixed,NT=Oxidation;MT=Variable;TA=M;AC=UNIMOD:35,20 ppm,20 ppm,hypertrophic cardiomyopathy with preserved reduced ejection fraction,Not Applicable,Not Applicable,Not Applicable,Not Applicable,Not Applicable,Not Applicable,Not Applicable,Not Applicable,Not Applicable,Not Applicable,Not Applicable,Not Applicable,Not Applicable,Not Applicable,Not Applicable,Not Applicable,Not Applicable,Not Applicable,Not Applicable,Not Applicable,Not Applicable,Not Applicable,Not Applicable,Not Applicable,Not Applicable,Not Applicable,Not Applicable,Not Applicable,Not Applicable,Not Applicable,Not Applicable,Not Applicable,Not Applicable,Not Applicable,Not Applicable,Not Applicable,Not Applicable,Not Applicable,Not Applicable,Not Applicable,Not Applicable,Not Applicable,Not Applicable,Not Applicable,Not Applicable,Not Applicable,Private
23605,PXD008934,Prosser_1467.raw,Homo sapiens,heart left ventricle,67Y,adult,Male,Not Applicable,heart cell,dilated cardiomyopathy,1,NT=label free sample,1,NT=Q Exactive;AC=MS:1001911,NT=Trypsin;AC=MS:1001251,NT=Carbamidomethyl;AC=UNIMOD:4;TA=C;MT=Fixed,NT=Oxidation;MT=Variable;TA=M;AC=UNIMOD:35,20 ppm,20 ppm,dilated cardiomyopathy,Not Applicable,Not Applicable,Not Applicable,Not Applicable,Not Applicable,Not Applicable,Not Applicable,Not Applicable,Not Applicable,Not Applicable,Not Applicable,Not Applicable,Not Applicable,Not Applicable,Not Applicable,Not Applicable,Not Applicable,Not Applicable,Not Applicable,Not Applicable,Not Applicable,Not Applicable,Not Applicable,Not Applicable,Not Applicable,Not Applicable,Not Applicable,Not Applicable,Not Applicable,Not Applicable,Not Applicable,Not Applicable,Not Applicable,Not Applicable,Not Applicable,Not Applicable,Not Applicable,Not Applicable,Not Applicable,Not Applicable,Not Applicable,Not Applicable,Not Applicable,Not Applicable,Not Applicable,Not Applicable,Public
23606,PXD008934,Prosser_1472.raw,Homo sapiens,heart left ventricle,41Y,adult,Male,Not Applicable,heart cell,dilated cardiomyopathy,1,NT=label free sample,1,NT=Q Exactive;AC=MS:1001911,NT=Trypsin;AC=MS:1001251,NT=Carbamidomethyl;AC=UNIMOD:4;TA=C;MT=Fixed,NT=Oxidation;MT=Variable;TA=M;AC=UNIMOD:35,20 ppm,20 ppm,dilated cardiomyopathy,Not Applicable,Not Applicable,Not Applicable,Not Applicable,Not Applicable,Not Applicable,Not Applicable,Not Applicable,Not Applicable,Not Applicable,Not Applicable,Not Applicable,Not Applicable,Not Applicable,Not Applicable,Not Applicable,Not Applicable,Not Applicable,Not Applicable,Not Applicable,Not Applicable,Not Applicable,Not Applicable,Not Applicable,Not Applicable,Not Applicable,Not Applicable,Not Applicable,Not Applicable,Not Applicable,Not Applicable,Not Applicable,Not Applicable,Not Applicable,Not Applicable,Not Applicable,Not Applicable,Not Applicable,Not Applicable,Not Applicable,Not Applicable,Not Applicable,Not Applicable,Not Applicable,Not Applicable,Not Applicable,Private
23607,PXD008934,Prosser_1510.raw,Homo sapiens,heart left ventricle,58Y,adult,Male,Not Applicable,heart cell,cardiac hypertrophy,1,NT=label free sample,1,NT=Q Exactive;AC=MS:1001911,NT=Trypsin;AC=MS:1001251,NT=Carbamidomethyl;AC=UNIMOD:4;TA=C;MT=Fixed,NT=Oxidation;MT=Variable;TA=M;AC=UNIMOD:35,20 ppm,20 ppm,hypertrophic cardiomyopathy with reduced reduced ejection fraction,Not Applicable,Not Applicable,Not Applicable,Not Applicable,Not Applicable,Not Applicable,Not Applicable,Not Applicable,Not Applicable,Not Applicable,Not Applicable,Not Applicable,Not Applicable,Not Applicable,Not Applicable,Not Applicable,Not Applicable,Not Applicable,Not Applicable,Not Applicable,Not Applicable,Not Applicable,Not Applicable,Not Applicable,Not Applicable,Not Applicable,Not Applicable,Not Applicable,Not Applicable,Not Applicable,Not Applicable,Not Applicable,Not Applicable,Not Applicable,Not Applicable,Not Applicable,Not Applicable,Not Applicable,Not Applicable,Not Applicable,Not Applicable,Not Applicable,Not Applicable,Not Applicable,Not Applicable,Not Applicable,Public
23608,PXD008934,Prosser_1535.raw,Homo sapiens,heart left ventricle,58Y,adult,Female,Not Applicable,heart cell,dilated cardiomyopathy,1,NT=label free sample,1,NT=Q Exactive;AC=MS:1001911,NT=Trypsin;AC=MS:1001251,NT=Carbamidomethyl;AC=UNIMOD:4;TA=C;MT=Fixed,NT=Oxidation;MT=Variable;TA=M;AC=UNIMOD:35,20 ppm,20 ppm,dilated cardiomyopathy,Not Applicable,Not Applicable,Not Applicable,Not Applicable,Not Applicable,Not Applicable,Not Applicable,Not Applicable,Not Applicable,Not Applicable,Not Applicable,Not Applicable,Not Applicable,Not Applicable,Not Applicable,Not Applicable,Not Applicable,Not Applicable,Not Applicable,Not Applicable,Not Applicable,Not Applicable,Not Applicable,Not Applicable,Not Applicable,Not Applicable,Not Applicable,Not Applicable,Not Applicable,Not Applicable,Not Applicable,Not Applicable,Not Applicable,Not Applicable,Not Applicable,Not Applicable,Not Applicable,Not Applicable,Not Applicable,Not Applicable,Not Applicable,Not Applicable,Not Applicable,Not Applicable,Not Applicable,Not Applicable,Private
23609,PXD008934,Prosser_1602.raw,Homo sapiens,heart left ventricle,46Y,adult,Male,Not Applicable,heart cell,cardiac hypertrophy,1,NT=label free sample,1,NT=Q Exactive;AC=MS:1001911,NT=Trypsin;AC=MS:1001251,NT=Carbamidomethyl;AC=UNIMOD:4;TA=C;MT=Fixed,NT=Oxidation;MT=Variable;TA=M;AC=UNIMOD:35,20 ppm,20 ppm,hypertrophic cardiomyopathy with preserved reduced ejection fraction,Not Applicable,Not Applicable,Not Applicable,Not Applicable,Not Applicable,Not Applicable,Not Applicable,Not Applicable,Not Applicable,Not Applicable,Not Applicable,Not Applicable,Not Applicable,Not Applicable,Not Applicable,Not Applicable,Not Applicable,Not Applicable,Not Applicable,Not Applicable,Not Applicable,Not Applicable,Not Applicable,Not Applicable,Not Applicable,Not Applicable,Not Applicable,Not Applicable,Not Applicable,Not Applicable,Not Applicable,Not Applicable,Not Applicable,Not Applicable,Not Applicable,Not Applicable,Not Applicable,Not Applicable,Not Applicable,Not Applicable,Not Applicable,Not Applicable,Not Applicable,Not Applicable,Not Applicable,Not Applicable,Public
23610,PXD008934,Prosser_1605.raw,Homo sapiens,heart left ventricle,66Y,adult,Male,Not Applicable,heart cell,dilated cardiomyopathy,1,NT=label free sample,1,NT=Q Exactive;AC=MS:1001911,NT=Trypsin;AC=MS:1001251,NT=Carbamidomethyl;AC=UNIMOD:4;TA=C;MT=Fixed,NT=Oxidation;MT=Variable;TA=M;AC=UNIMOD:35,20 ppm,20 ppm,dilated cardiomyopathy,Not Applicable,Not Applicable,Not Applicable,Not Applicable,Not Applicable,Not Applicable,Not Applicable,Not Applicable,Not Applicable,Not Applicable,Not Applicable,Not Applicable,Not Applicable,Not Applicable,Not Applicable,Not Applicable,Not Applicable,Not Applicable,Not Applicable,Not Applicable,Not Applicable,Not Applicable,Not Applicable,Not Applicable,Not Applicable,Not Applicable,Not Applicable,Not Applicable,Not Applicable,Not Applicable,Not Applicable,Not Applicable,Not Applicable,Not Applicable,Not Applicable,Not Applicable,Not Applicable,Not Applicable,Not Applicable,Not Applicable,Not Applicable,Not Applicable,Not Applicable,Not Applicable,Not Applicable,Not Applicable,Private
