ID,PXD,Raw Data File,Characteristics[Organism],Characteristics[OrganismPart],Characteristics[AncestryCategory],Characteristics[Disease],Characteristics[BiologicalReplicate],Comment[FractionIdentifier],Characteristics[Label],Comment[Instrument],Characteristics[CleavageAgent],Comment[NumberOfMissedCleavages],Comment[PrecursorMassTolerance],Comment[FragmentMassTolerance],Characteristics[Age],Characteristics[AlkylationReagent],Characteristics[AnatomicSiteTumor],Characteristics[BMI],Characteristics[Bait],Characteristics[CellLine],Characteristics[CellPart],Characteristics[CellType],Characteristics[Compound],Characteristics[ConcentrationOfCompound],Characteristics[Depletion],Characteristics[DevelopmentalStage],Characteristics[DiseaseTreatment],Characteristics[GeneticModification],Characteristics[Genotype],Characteristics[GrowthRate],Characteristics[MaterialType],Characteristics[Modification],Characteristics[NumberOfBiologicalReplicates],Characteristics[NumberOfSamples],Characteristics[NumberOfTechnicalReplicates],Characteristics[OriginSiteDisease],Characteristics[PooledSample],Characteristics[ReductionReagent],Characteristics[SamplingTime],Characteristics[Sex],Characteristics[Specimen],Characteristics[SpikedCompound],Characteristics[Staining],Characteristics[Strain],Characteristics[SyntheticPeptide],Characteristics[Temperature],Characteristics[Time],Characteristics[Treatment],Characteristics[TumorCellularity],Characteristics[TumorGrade],Characteristics[TumorSize],Characteristics[TumorSite],Characteristics[TumorStage],Comment[AcquisitionMethod],Comment[CollisionEnergy],Comment[EnrichmentMethod],Comment[FlowRateChromatogram],Comment[FractionationMethod],Comment[FragmentationMethod],Comment[GradientTime],Comment[IonizationType],Comment[MS2MassAnalyzer],Comment[NumberOfFractions],Comment[Separation],Usage
5177,PXD004987,OEI15202.raw,Homo sapiens,NT=Brain;AC=BTO:0000142,Not Applicable,normal,1,1,NT=label free sample;AC=MS:1002038,NT=LTQ Orbitrap Elite;AC=MS:1001910,NT=Trypsin;AC=MS:1001251,1,5 ppm,0.4 Da,Not Applicable,Not Applicable,Not Applicable,Not Applicable,Not Applicable,Not Applicable,Not Applicable,Not Applicable,Not Applicable,Not Applicable,Not Applicable,Not Applicable,Not Applicable,Not Applicable,Not Applicable,Not Applicable,Not Applicable,Not Applicable,Not Applicable,Not Applicable,Not Applicable,Not Applicable,Not Applicable,Not Applicable,Not Applicable,Not Applicable,Not Applicable,Not Applicable,Not Applicable,Not Applicable,Not Applicable,Not Applicable,Not Applicable,Not Applicable,Not Applicable,Not Applicable,Not Applicable,Not Applicable,Not Applicable,Not Applicable,Not Applicable,Not Applicable,Not Applicable,Not Applicable,Not Applicable,Not Applicable,Not Applicable,Not Applicable,Not Applicable,Not Applicable,Public
5178,PXD004987,OEI15208.raw,Homo sapiens,NT=Brain;AC=BTO:0000142,Not Applicable,normal,1,1,NT=label free sample;AC=MS:1002038,NT=LTQ Orbitrap Elite;AC=MS:1001910,NT=Trypsin;AC=MS:1001251,1,5 ppm,0.4 Da,Not Applicable,Not Applicable,Not Applicable,Not Applicable,Not Applicable,Not Applicable,Not Applicable,Not Applicable,Not Applicable,Not Applicable,Not Applicable,Not Applicable,Not Applicable,Not Applicable,Not Applicable,Not Applicable,Not Applicable,Not Applicable,Not Applicable,Not Applicable,Not Applicable,Not Applicable,Not Applicable,Not Applicable,Not Applicable,Not Applicable,Not Applicable,Not Applicable,Not Applicable,Not Applicable,Not Applicable,Not Applicable,Not Applicable,Not Applicable,Not Applicable,Not Applicable,Not Applicable,Not Applicable,Not Applicable,Not Applicable,Not Applicable,Not Applicable,Not Applicable,Not Applicable,Not Applicable,Not Applicable,Not Applicable,Not Applicable,Not Applicable,Not Applicable,Private
5179,PXD004987,OEI15216.raw,Homo sapiens,NT=Brain;AC=BTO:0000142,Not Applicable,normal,1,1,NT=label free sample;AC=MS:1002038,NT=LTQ Orbitrap Elite;AC=MS:1001910,NT=Trypsin;AC=MS:1001251,1,5 ppm,0.4 Da,Not Applicable,Not Applicable,Not Applicable,Not Applicable,Not Applicable,Not Applicable,Not Applicable,Not Applicable,Not Applicable,Not Applicable,Not Applicable,Not Applicable,Not Applicable,Not Applicable,Not Applicable,Not Applicable,Not Applicable,Not Applicable,Not Applicable,Not Applicable,Not Applicable,Not Applicable,Not Applicable,Not Applicable,Not Applicable,Not Applicable,Not Applicable,Not Applicable,Not Applicable,Not Applicable,Not Applicable,Not Applicable,Not Applicable,Not Applicable,Not Applicable,Not Applicable,Not Applicable,Not Applicable,Not Applicable,Not Applicable,Not Applicable,Not Applicable,Not Applicable,Not Applicable,Not Applicable,Not Applicable,Not Applicable,Not Applicable,Not Applicable,Not Applicable,Public
5180,PXD004987,OEI15218.raw,Homo sapiens,NT=Brain;AC=BTO:0000142,Not Applicable,normal,1,1,NT=label free sample;AC=MS:1002038,NT=LTQ Orbitrap Elite;AC=MS:1001910,NT=Trypsin;AC=MS:1001251,1,5 ppm,0.4 Da,Not Applicable,Not Applicable,Not Applicable,Not Applicable,Not Applicable,Not Applicable,Not Applicable,Not Applicable,Not Applicable,Not Applicable,Not Applicable,Not Applicable,Not Applicable,Not Applicable,Not Applicable,Not Applicable,Not Applicable,Not Applicable,Not Applicable,Not Applicable,Not Applicable,Not Applicable,Not Applicable,Not Applicable,Not Applicable,Not Applicable,Not Applicable,Not Applicable,Not Applicable,Not Applicable,Not Applicable,Not Applicable,Not Applicable,Not Applicable,Not Applicable,Not Applicable,Not Applicable,Not Applicable,Not Applicable,Not Applicable,Not Applicable,Not Applicable,Not Applicable,Not Applicable,Not Applicable,Not Applicable,Not Applicable,Not Applicable,Not Applicable,Not Applicable,Private
5181,PXD004987,OEI15224.raw,Homo sapiens,NT=Brain;AC=BTO:0000142,Not Applicable,normal,1,1,NT=label free sample;AC=MS:1002038,NT=LTQ Orbitrap Elite;AC=MS:1001910,NT=Trypsin;AC=MS:1001251,1,5 ppm,0.4 Da,Not Applicable,Not Applicable,Not Applicable,Not Applicable,Not Applicable,Not Applicable,Not Applicable,Not Applicable,Not Applicable,Not Applicable,Not Applicable,Not Applicable,Not Applicable,Not Applicable,Not Applicable,Not Applicable,Not Applicable,Not Applicable,Not Applicable,Not Applicable,Not Applicable,Not Applicable,Not Applicable,Not Applicable,Not Applicable,Not Applicable,Not Applicable,Not Applicable,Not Applicable,Not Applicable,Not Applicable,Not Applicable,Not Applicable,Not Applicable,Not Applicable,Not Applicable,Not Applicable,Not Applicable,Not Applicable,Not Applicable,Not Applicable,Not Applicable,Not Applicable,Not Applicable,Not Applicable,Not Applicable,Not Applicable,Not Applicable,Not Applicable,Not Applicable,Public
5182,PXD004987,OEI15234.raw,Homo sapiens,NT=Brain;AC=BTO:0000142,Not Applicable,normal,1,1,NT=label free sample;AC=MS:1002038,NT=LTQ Orbitrap Elite;AC=MS:1001910,NT=Trypsin;AC=MS:1001251,1,5 ppm,0.4 Da,Not Applicable,Not Applicable,Not Applicable,Not Applicable,Not Applicable,Not Applicable,Not Applicable,Not Applicable,Not Applicable,Not Applicable,Not Applicable,Not Applicable,Not Applicable,Not Applicable,Not Applicable,Not Applicable,Not Applicable,Not Applicable,Not Applicable,Not Applicable,Not Applicable,Not Applicable,Not Applicable,Not Applicable,Not Applicable,Not Applicable,Not Applicable,Not Applicable,Not Applicable,Not Applicable,Not Applicable,Not Applicable,Not Applicable,Not Applicable,Not Applicable,Not Applicable,Not Applicable,Not Applicable,Not Applicable,Not Applicable,Not Applicable,Not Applicable,Not Applicable,Not Applicable,Not Applicable,Not Applicable,Not Applicable,Not Applicable,Not Applicable,Not Applicable,Private
5183,PXD004987,OEI16007.raw,Homo sapiens,NT=Brain;AC=BTO:0000142,Not Applicable,normal,1,1,NT=label free sample;AC=MS:1002038,NT=LTQ Orbitrap Elite;AC=MS:1001910,NT=Trypsin;AC=MS:1001251,1,5 ppm,0.4 Da,Not Applicable,Not Applicable,Not Applicable,Not Applicable,Not Applicable,Not Applicable,Not Applicable,Not Applicable,Not Applicable,Not Applicable,Not Applicable,Not Applicable,Not Applicable,Not Applicable,Not Applicable,Not Applicable,Not Applicable,Not Applicable,Not Applicable,Not Applicable,Not Applicable,Not Applicable,Not Applicable,Not Applicable,Not Applicable,Not Applicable,Not Applicable,Not Applicable,Not Applicable,Not Applicable,Not Applicable,Not Applicable,Not Applicable,Not Applicable,Not Applicable,Not Applicable,Not Applicable,Not Applicable,Not Applicable,Not Applicable,Not Applicable,Not Applicable,Not Applicable,Not Applicable,Not Applicable,Not Applicable,Not Applicable,Not Applicable,Not Applicable,Not Applicable,Public
5184,PXD004987,OEI16013.raw,Homo sapiens,NT=Brain;AC=BTO:0000142,Not Applicable,normal,1,1,NT=label free sample;AC=MS:1002038,NT=LTQ Orbitrap Elite;AC=MS:1001910,NT=Trypsin;AC=MS:1001251,1,5 ppm,0.4 Da,Not Applicable,Not Applicable,Not Applicable,Not Applicable,Not Applicable,Not Applicable,Not Applicable,Not Applicable,Not Applicable,Not Applicable,Not Applicable,Not Applicable,Not Applicable,Not Applicable,Not Applicable,Not Applicable,Not Applicable,Not Applicable,Not Applicable,Not Applicable,Not Applicable,Not Applicable,Not Applicable,Not Applicable,Not Applicable,Not Applicable,Not Applicable,Not Applicable,Not Applicable,Not Applicable,Not Applicable,Not Applicable,Not Applicable,Not Applicable,Not Applicable,Not Applicable,Not Applicable,Not Applicable,Not Applicable,Not Applicable,Not Applicable,Not Applicable,Not Applicable,Not Applicable,Not Applicable,Not Applicable,Not Applicable,Not Applicable,Not Applicable,Not Applicable,Private
5185,PXD004987,OEI16027.raw,Homo sapiens,NT=Brain;AC=BTO:0000142,Not Applicable,normal,1,1,NT=label free sample;AC=MS:1002038,NT=LTQ Orbitrap Elite;AC=MS:1001910,NT=Trypsin;AC=MS:1001251,1,5 ppm,0.4 Da,Not Applicable,Not Applicable,Not Applicable,Not Applicable,Not Applicable,Not Applicable,Not Applicable,Not Applicable,Not Applicable,Not Applicable,Not Applicable,Not Applicable,Not Applicable,Not Applicable,Not Applicable,Not Applicable,Not Applicable,Not Applicable,Not Applicable,Not Applicable,Not Applicable,Not Applicable,Not Applicable,Not Applicable,Not Applicable,Not Applicable,Not Applicable,Not Applicable,Not Applicable,Not Applicable,Not Applicable,Not Applicable,Not Applicable,Not Applicable,Not Applicable,Not Applicable,Not Applicable,Not Applicable,Not Applicable,Not Applicable,Not Applicable,Not Applicable,Not Applicable,Not Applicable,Not Applicable,Not Applicable,Not Applicable,Not Applicable,Not Applicable,Not Applicable,Public
